activity_id,program_id,activity_date,activity_type,participation_count
AN000001,P0002,2026-08-03,Training,62
AN000002,P0040,2026-07-10,Workshop,28
AN000003,P0066,2026-08-11,Training,27
AN000004,P0021,2026-08-16,Awareness Session,76
AN000005,P0017,2026-07-31,Training,6
AN000006,P0021,2026-08-11,Assessment,43
AN000007,P0040,2026-07-19,Counselling,6
AN000008,P0032,2026-07-23,Workshop,47
AN000009,P0058,2026-07-28,Workshop,56
AN000010,P0023,2026-08-14,Community Activity,76
AN000011,P0048,2026-07-10,Counselling,51
AN000012,P0008,2026-08-07,Training,53
AN000013,P0050,2026-08-03,Assessment,28
AN000014,P0033,2026-07-01,Community Activity,47
AN000015,P0055,2026-08-12,Assessment,6
AN000016,P0023,2026-07-21,Counselling,60
AN000017,P0054,2026-08-19,Community Activity,30
AN000018,P0054,2026-08-01,Counselling,47
AN000019,P0052,2026-08-14,Training,30
AN000020,P0043,2026-08-20,Training,41
AN000021,P0063,2026-07-09,Assessment,41
AN000022,P0067,2026-07-11,Assessment,47
AN000023,P0014,2026-07-13,Awareness Session,41
AN000024,P0002,2026-07-27,Awareness Session,69
AN000025,P0057,2026-08-22,Workshop,68
AN000026,P0034,2026-08-06,Assessment,53
AN000027,P0026,2026-07-18,Awareness Session,24
AN000028,P0025,2026-07-18,Workshop,65
AN000029,P0061,2026-07-11,Training,63
AN000030,P0059,2026-08-08,Community Activity,72
AN000031,P0019,2026-07-29,Awareness Session,46
AN000032,P0002,2026-08-16,Community Activity,38
AN000033,P0047,2026-07-22,Assessment,18
AN000034,P0050,2026-07-31,Training,57
AN000035,P0030,2026-07-10,Community Activity,18
AN000036,P0054,2026-08-13,Assessment,37
AN000037,P0016,2026-08-19,Training,13
AN000038,P0039,2026-07-02,Training,74
AN000039,P0039,2026-07-07,Community Activity,43
AN000040,P0051,2026-08-22,Assessment,10
AN000041,P0032,2026-08-29,Awareness Session,54
AN000042,P0024,2026-08-24,Community Activity,59
AN000043,P0041,2026-08-07,Training,12
AN000044,P0009,2026-08-13,Workshop,19
AN000045,P0057,2026-07-04,Community Activity,15
AN000046,P0035,2026-08-09,Training,10
AN000047,P0040,2026-07-06,Community Activity,58
AN000048,P0067,2026-08-23,Awareness Session,16
AN000049,P0040,2026-07-15,Training,57
AN000050,P0016,2026-07-28,Assessment,32
AN000051,P0067,2026-07-02,Awareness Session,72
AN000052,P0027,2026-08-12,Training,28
AN000053,P0016,2026-07-19,Awareness Session,40
AN000054,P0008,2026-07-26,Awareness Session,12
AN000055,P0021,2026-08-15,Assessment,72
AN000056,P0007,2026-07-16,Counselling,7
AN000057,P0013,2026-07-25,Assessment,52
AN000058,P0040,2026-08-02,Assessment,52
AN000059,P0046,2026-08-21,Workshop,49
AN000060,P0034,2026-08-20,Awareness Session,39
AN000061,P0012,2026-07-28,Awareness Session,77
AN000062,P0036,2026-07-24,Assessment,38
AN000063,P0020,2026-07-28,Training,41
AN000064,P0065,2026-07-24,Workshop,21
AN000065,P0018,2026-07-24,Training,44
AN000066,P0051,2026-07-31,Assessment,47
AN000067,P0045,2026-07-12,Community Activity,69
AN000068,P0047,2026-08-11,Assessment,62
AN000069,P0064,2026-07-07,Awareness Session,67
AN000070,P0003,2026-08-23,Counselling,65
AN000071,P0041,2026-08-23,Training,43
AN000072,P0029,2026-07-28,Training,11
AN000073,P0035,2026-08-24,Assessment,47
AN000074,P0053,2026-07-27,Community Activity,23
AN000075,P0014,2026-07-26,Training,49
AN000076,P0033,2026-08-27,Workshop,32
AN000077,P0048,2026-08-17,Community Activity,72
AN000078,P0028,2026-07-10,Community Activity,16
AN000079,P0053,2026-08-02,Assessment,19
AN000080,P0050,2026-07-26,Assessment,66
AN000081,P0024,2026-07-07,Training,64
AN000082,P0053,2026-07-24,Assessment,46
AN000083,P0033,2026-07-08,Awareness Session,58
AN000084,P0043,2026-08-06,Workshop,51
AN000085,P0043,2026-08-14,Awareness Session,40
AN000086,P0038,2026-07-04,Assessment,34
AN000087,P0005,2026-07-09,Workshop,53
AN000088,P0006,2026-08-26,Training,57
AN000089,P0037,2026-07-22,Community Activity,76
AN000090,P0038,2026-08-27,Community Activity,57
AN000091,P0008,2026-08-14,Awareness Session,11
AN000092,P0001,2026-08-25,Counselling,65
AN000093,P0030,2026-07-11,Community Activity,71
AN000094,P0022,2026-07-15,Counselling,55
AN000095,P0043,2026-08-05,Community Activity,11
AN000096,P0028,2026-07-19,Community Activity,75
AN000097,P0061,2026-07-18,Assessment,7
AN000098,P0045,2026-07-12,Workshop,74
AN000099,P0017,2026-07-23,Workshop,78
AN000100,P0016,2026-08-29,Community Activity,18
AN000101,P0028,2026-08-02,Workshop,55
AN000102,P0013,2026-08-26,Workshop,31
AN000103,P0027,2026-07-18,Community Activity,49
AN000104,P0017,2026-07-18,Awareness Session,25
AN000105,P0010,2026-08-09,Training,46
AN000106,P0046,2026-07-13,Assessment,62
AN000107,P0035,2026-08-29,Workshop,39
AN000108,P0052,2026-07-30,Awareness Session,71
AN000109,P0038,2026-08-13,Awareness Session,76
AN000110,P0046,2026-08-12,Awareness Session,58
AN000111,P0042,2026-08-23,Awareness Session,20
AN000112,P0037,2026-08-23,Workshop,17
AN000113,P0026,2026-07-23,Training,41
AN000114,P0049,2026-07-21,Community Activity,19
AN000115,P0063,2026-07-03,Counselling,43
AN000116,P0046,2026-08-20,Community Activity,36
AN000117,P0053,2026-07-18,Counselling,37
AN000118,P0026,2026-07-29,Training,47
AN000119,P0032,2026-07-20,Counselling,14
AN000120,P0040,2026-08-18,Training,16
AN000121,P0061,2026-07-06,Awareness Session,76
AN000122,P0042,2026-08-20,Community Activity,37
AN000123,P0064,2026-07-10,Assessment,42
AN000124,P0047,2026-07-10,Training,38
AN000125,P0061,2026-08-06,Counselling,54
AN000126,P0038,2026-07-15,Counselling,47
AN000127,P0011,2026-07-08,Awareness Session,60
AN000128,P0033,2026-08-17,Training,66
AN000129,P0008,2026-08-18,Counselling,16
AN000130,P0053,2026-07-07,Training,68
AN000131,P0038,2026-08-19,Training,64
AN000132,P0011,2026-08-05,Training,52
AN000133,P0033,2026-08-16,Awareness Session,51
AN000134,P0007,2026-07-20,Awareness Session,22
AN000135,P0009,2026-07-28,Workshop,10
AN000136,P0010,2026-08-07,Community Activity,9
AN000137,P0003,2026-07-07,Assessment,39
AN000138,P0023,2026-07-26,Counselling,24
AN000139,P0028,2026-07-01,Community Activity,56
AN000140,P0052,2026-07-24,Training,52
AN000141,P0043,2026-08-23,Assessment,28
AN000142,P0008,2026-08-22,Community Activity,75
AN000143,P0056,2026-08-22,Awareness Session,18
AN000144,P0041,2026-07-09,Community Activity,72
AN000145,P0056,2026-07-10,Counselling,21
AN000146,P0026,2026-08-25,Assessment,17
AN000147,P0003,2026-07-03,Community Activity,30
AN000148,P0026,2026-07-22,Community Activity,14
AN000149,P0023,2026-08-11,Counselling,24
AN000150,P0033,2026-08-14,Counselling,18
AN000151,P0012,2026-07-08,Workshop,57
AN000152,P0006,2026-07-19,Training,20
AN000153,P0046,2026-08-16,Assessment,65
AN000154,P0036,2026-07-21,Training,44
AN000155,P0001,2026-08-24,Training,77
AN000156,P0032,2026-08-24,Counselling,60
AN000157,P0036,2026-08-28,Counselling,24
AN000158,P0033,2026-08-16,Assessment,37
AN000159,P0052,2026-07-23,Awareness Session,20
AN000160,P0043,2026-08-15,Counselling,55
AN000161,P0005,2026-08-24,Assessment,41
AN000162,P0017,2026-07-11,Counselling,15
AN000163,P0064,2026-08-06,Workshop,64
AN000164,P0014,2026-08-27,Assessment,65
AN000165,P0010,2026-08-23,Community Activity,44
AN000166,P0054,2026-07-20,Workshop,64
AN000167,P0035,2026-07-23,Counselling,46
AN000168,P0058,2026-07-22,Workshop,8
AN000169,P0023,2026-07-19,Community Activity,45
AN000170,P0044,2026-07-04,Community Activity,26
AN000171,P0040,2026-08-11,Awareness Session,70
AN000172,P0041,2026-07-03,Assessment,38
AN000173,P0019,2026-08-18,Awareness Session,53
AN000174,P0036,2026-08-25,Counselling,52
AN000175,P0027,2026-07-13,Training,31
AN000176,P0003,2026-07-27,Awareness Session,63
AN000177,P0005,2026-07-07,Community Activity,77
AN000178,P0005,2026-07-27,Workshop,26
AN000179,P0065,2026-07-07,Assessment,25
AN000180,P0031,2026-07-15,Training,67
AN000181,P0043,2026-07-02,Counselling,5
AN000182,P0043,2026-08-21,Workshop,39
AN000183,P0059,2026-08-29,Awareness Session,58
AN000184,P0032,2026-08-16,Counselling,50
AN000185,P0007,2026-07-13,Workshop,12
AN000186,P0032,2026-08-22,Community Activity,54
AN000187,P0005,2026-08-13,Awareness Session,42
AN000188,P0010,2026-08-24,Counselling,79
AN000189,P0028,2026-07-21,Workshop,71
AN000190,P0054,2026-08-17,Community Activity,31
AN000191,P0028,2026-08-08,Counselling,25
AN000192,P0025,2026-07-28,Assessment,33
AN000193,P0053,2026-07-08,Assessment,54
AN000194,P0034,2026-08-05,Training,50
AN000195,P0058,2026-07-25,Community Activity,64
AN000196,P0001,2026-08-03,Assessment,48
AN000197,P0044,2026-07-22,Assessment,60
AN000198,P0021,2026-07-17,Community Activity,79
AN000199,P0009,2026-08-10,Community Activity,44
AN000200,P0049,2026-08-18,Counselling,52
AN000201,P0004,2026-08-10,Workshop,28
AN000202,P0034,2026-08-19,Assessment,74
AN000203,P0065,2026-07-14,Assessment,50
AN000204,P0056,2026-08-29,Counselling,53
AN000205,P0042,2026-07-04,Community Activity,10
AN000206,P0006,2026-08-04,Assessment,45
AN000207,P0013,2026-08-29,Community Activity,19
AN000208,P0065,2026-08-01,Counselling,72
AN000209,P0052,2026-07-04,Awareness Session,51
AN000210,P0010,2026-07-24,Counselling,17
AN000211,P0059,2026-07-24,Counselling,76
AN000212,P0006,2026-08-25,Assessment,52
AN000213,P0050,2026-08-09,Workshop,62
AN000214,P0013,2026-07-20,Training,30
AN000215,P0026,2026-08-27,Awareness Session,37
AN000216,P0047,2026-08-23,Community Activity,40
AN000217,P0051,2026-08-03,Workshop,79
AN000218,P0007,2026-07-23,Awareness Session,58
AN000219,P0066,2026-07-15,Community Activity,55
AN000220,P0041,2026-07-08,Assessment,65
AN000221,P0063,2026-07-04,Community Activity,47
AN000222,P0041,2026-08-06,Workshop,29
AN000223,P0009,2026-07-19,Training,33
AN000224,P0009,2026-07-30,Assessment,59
AN000225,P0066,2026-07-14,Counselling,54
AN000226,P0063,2026-07-25,Counselling,65
AN000227,P0035,2026-08-14,Assessment,20
AN000228,P0007,2026-07-08,Assessment,12
AN000229,P0066,2026-08-21,Community Activity,15
AN000230,P0006,2026-07-18,Counselling,10
AN000231,P0067,2026-07-13,Counselling,44
AN000232,P0064,2026-08-29,Training,36
AN000233,P0062,2026-07-25,Awareness Session,75
AN000234,P0038,2026-07-18,Counselling,40
AN000235,P0047,2026-07-26,Community Activity,27
AN000236,P0027,2026-07-15,Assessment,51
AN000237,P0046,2026-08-15,Workshop,31
AN000238,P0018,2026-08-20,Training,30
AN000239,P0044,2026-08-22,Counselling,55
AN000240,P0042,2026-08-04,Awareness Session,59
AN000241,P0046,2026-08-12,Assessment,63
AN000242,P0052,2026-07-08,Community Activity,58
AN000243,P0016,2026-07-26,Awareness Session,12
AN000244,P0018,2026-08-27,Community Activity,43
AN000245,P0043,2026-07-22,Training,28
AN000246,P0063,2026-07-28,Community Activity,24
AN000247,P0055,2026-07-12,Community Activity,75
AN000248,P0024,2026-08-12,Training,67
AN000249,P0025,2026-08-27,Training,55
AN000250,P0066,2026-08-17,Counselling,54
AN000251,P0006,2026-07-06,Training,71
AN000252,P0039,2026-07-09,Workshop,47
AN000253,P0011,2026-07-09,Workshop,64
AN000254,P0014,2026-08-11,Counselling,52
AN000255,P0034,2026-08-16,Awareness Session,24
AN000256,P0030,2026-08-12,Counselling,42
AN000257,P0057,2026-08-17,Workshop,15
AN000258,P0047,2026-07-16,Workshop,69
AN000259,P0020,2026-07-27,Training,16
AN000260,P0025,2026-07-12,Counselling,80
AN000261,P0028,2026-08-28,Training,78
AN000262,P0013,2026-08-04,Community Activity,79
AN000263,P0056,2026-08-06,Training,40
AN000264,P0049,2026-07-14,Awareness Session,42
AN000265,P0023,2026-08-07,Assessment,58
AN000266,P0064,2026-07-30,Training,29
AN000267,P0015,2026-07-21,Training,26
AN000268,P0061,2026-07-20,Workshop,20
AN000269,P0048,2026-07-23,Workshop,72
AN000270,P0054,2026-07-24,Awareness Session,53
AN000271,P0051,2026-08-09,Community Activity,61
AN000272,P0027,2026-07-11,Counselling,45
AN000273,P0050,2026-07-10,Assessment,68
AN000274,P0065,2026-08-22,Awareness Session,12
AN000275,P0035,2026-08-06,Community Activity,59
AN000276,P0015,2026-08-04,Assessment,46
AN000277,P0041,2026-07-14,Counselling,55
AN000278,P0062,2026-08-23,Community Activity,17
AN000279,P0043,2026-07-15,Community Activity,31
AN000280,P0007,2026-07-02,Community Activity,44
AN000281,P0058,2026-07-07,Community Activity,28
AN000282,P0006,2026-08-25,Counselling,34
AN000283,P0021,2026-07-24,Counselling,41
AN000284,P0025,2026-08-04,Community Activity,46
AN000285,P0011,2026-07-24,Community Activity,30
AN000286,P0059,2026-07-02,Awareness Session,76
AN000287,P0040,2026-07-25,Assessment,6
AN000288,P0045,2026-08-10,Awareness Session,46
AN000289,P0041,2026-07-24,Community Activity,79
AN000290,P0062,2026-07-16,Training,48
AN000291,P0066,2026-07-19,Community Activity,16
AN000292,P0026,2026-07-27,Training,28
AN000293,P0019,2026-08-15,Workshop,25
AN000294,P0041,2026-07-02,Training,22
AN000295,P0045,2026-08-01,Awareness Session,48
AN000296,P0015,2026-07-21,Training,52
AN000297,P0017,2026-08-18,Workshop,49
AN000298,P0050,2026-08-14,Awareness Session,71
AN000299,P0039,2026-07-03,Counselling,31
AN000300,P0066,2026-08-12,Counselling,24
AN000301,P0032,2026-07-15,Workshop,60
AN000302,P0056,2026-07-21,Training,17
AN000303,P0025,2026-07-08,Workshop,75
AN000304,P0054,2026-07-27,Community Activity,73
AN000305,P0013,2026-07-11,Assessment,44
AN000306,P0046,2026-08-11,Assessment,11
AN000307,P0042,2026-07-03,Awareness Session,22
AN000308,P0055,2026-07-12,Workshop,59
AN000309,P0024,2026-07-22,Assessment,52
AN000310,P0059,2026-07-29,Workshop,27
AN000311,P0027,2026-08-09,Counselling,76
AN000312,P0045,2026-07-03,Workshop,14
AN000313,P0064,2026-07-30,Workshop,36
AN000314,P0008,2026-07-12,Community Activity,62
AN000315,P0003,2026-07-17,Workshop,63
AN000316,P0015,2026-08-07,Community Activity,56
AN000317,P0033,2026-08-21,Community Activity,61
AN000318,P0050,2026-07-13,Awareness Session,27
AN000319,P0048,2026-08-22,Awareness Session,26
AN000320,P0064,2026-08-05,Workshop,46
AN000321,P0053,2026-08-20,Counselling,38
AN000322,P0049,2026-07-31,Training,45
AN000323,P0062,2026-07-20,Workshop,49
AN000324,P0019,2026-08-20,Assessment,17
AN000325,P0017,2026-08-17,Training,40
AN000326,P0057,2026-08-03,Community Activity,34
AN000327,P0057,2026-08-08,Assessment,25
AN000328,P0023,2026-07-22,Awareness Session,8
AN000329,P0004,2026-08-08,Training,58
AN000330,P0051,2026-07-14,Training,14
AN000331,P0066,2026-07-03,Counselling,40
AN000332,P0008,2026-08-26,Community Activity,63
AN000333,P0004,2026-07-16,Assessment,10
AN000334,P0045,2026-07-01,Assessment,43
AN000335,P0009,2026-08-17,Community Activity,68
AN000336,P0046,2026-08-22,Community Activity,56
AN000337,P0053,2026-08-18,Community Activity,32
AN000338,P0031,2026-07-09,Counselling,8
AN000339,P0003,2026-08-18,Awareness Session,18
AN000340,P0026,2026-07-04,Assessment,66
AN000341,P0003,2026-07-04,Counselling,35
AN000342,P0031,2026-07-28,Workshop,25
AN000343,P0002,2026-07-05,Assessment,12
AN000344,P0054,2026-07-03,Community Activity,79
AN000345,P0057,2026-08-06,Training,57
AN000346,P0029,2026-07-10,Training,31
AN000347,P0020,2026-07-02,Assessment,48
AN000348,P0061,2026-08-29,Community Activity,16
AN000349,P0003,2026-07-19,Awareness Session,38
AN000350,P0036,2026-07-20,Training,76
AN000351,P0015,2026-08-28,Training,75
AN000352,P0034,2026-07-01,Counselling,11
AN000353,P0055,2026-08-13,Community Activity,51
AN000354,P0061,2026-07-21,Community Activity,18
AN000355,P0040,2026-07-23,Training,24
AN000356,P0013,2026-07-15,Awareness Session,79
AN000357,P0002,2026-08-07,Workshop,62
AN000358,P0059,2026-07-01,Counselling,16
AN000359,P0058,2026-07-16,Training,53
AN000360,P0017,2026-07-15,Counselling,41
AN000361,P0054,2026-07-20,Assessment,73
AN000362,P0026,2026-07-18,Community Activity,67
AN000363,P0044,2026-07-04,Counselling,61
AN000364,P0025,2026-07-01,Community Activity,34
AN000365,P0010,2026-08-22,Awareness Session,80
AN000366,P0063,2026-07-11,Community Activity,7
AN000367,P0064,2026-07-25,Awareness Session,21
AN000368,P0019,2026-07-03,Assessment,55
AN000369,P0024,2026-08-04,Training,45
AN000370,P0048,2026-07-21,Community Activity,26
AN000371,P0028,2026-08-13,Training,36
AN000372,P0038,2026-07-18,Training,16
AN000373,P0003,2026-07-01,Assessment,24
AN000374,P0041,2026-07-04,Workshop,61
AN000375,P0006,2026-07-29,Assessment,30
AN000376,P0036,2026-07-15,Workshop,36
AN000377,P0041,2026-07-14,Training,48
AN000378,P0002,2026-07-11,Awareness Session,65
AN000379,P0004,2026-08-12,Counselling,39
AN000380,P0029,2026-07-23,Awareness Session,36
AN000381,P0016,2026-07-07,Counselling,73
AN000382,P0064,2026-08-15,Training,63
AN000383,P0016,2026-08-12,Assessment,78
AN000384,P0066,2026-07-18,Community Activity,6
AN000385,P0008,2026-08-20,Counselling,60
AN000386,P0007,2026-07-07,Counselling,33
AN000387,P0042,2026-07-09,Community Activity,17
AN000388,P0048,2026-07-25,Workshop,33
AN000389,P0067,2026-07-22,Awareness Session,30
AN000390,P0028,2026-08-28,Counselling,31
AN000391,P0032,2026-07-19,Community Activity,46
AN000392,P0044,2026-08-18,Counselling,28
AN000393,P0052,2026-08-11,Workshop,79
AN000394,P0061,2026-08-23,Counselling,78
AN000395,P0056,2026-07-10,Training,7
AN000396,P0036,2026-07-16,Training,39
AN000397,P0003,2026-08-02,Training,13
AN000398,P0026,2026-08-22,Community Activity,30
AN000399,P0062,2026-07-06,Training,67
AN000400,P0034,2026-07-09,Community Activity,20
AN000401,P0003,2026-08-05,Community Activity,8
AN000402,P0002,2026-08-01,Awareness Session,68
AN000403,P0045,2026-07-16,Workshop,78
AN000404,P0001,2026-08-04,Community Activity,80
AN000405,P0055,2026-08-04,Assessment,32
AN000406,P0057,2026-07-11,Counselling,14
AN000407,P0062,2026-08-27,Assessment,30
AN000408,P0019,2026-08-01,Workshop,73
AN000409,P0027,2026-07-28,Training,54
AN000410,P0009,2026-08-26,Community Activity,68
AN000411,P0014,2026-08-14,Awareness Session,52
AN000412,P0042,2026-07-30,Counselling,57
AN000413,P0061,2026-08-28,Assessment,68
AN000414,P0024,2026-07-22,Assessment,26
AN000415,P0030,2026-08-25,Awareness Session,76
AN000416,P0005,2026-07-24,Assessment,77
AN000417,P0010,2026-08-25,Awareness Session,32
AN000418,P0011,2026-08-27,Awareness Session,80
AN000419,P0066,2026-07-02,Workshop,11
AN000420,P0040,2026-07-30,Community Activity,23
AN000421,P0040,2026-08-11,Counselling,47
AN000422,P0021,2026-08-21,Community Activity,19
AN000423,P0055,2026-08-02,Counselling,29
AN000424,P0030,2026-08-19,Community Activity,52
AN000425,P0019,2026-08-16,Awareness Session,56
AN000426,P0016,2026-08-07,Counselling,70
AN000427,P0029,2026-07-24,Awareness Session,36
AN000428,P0018,2026-08-21,Counselling,42
AN000429,P0014,2026-08-07,Community Activity,38
AN000430,P0063,2026-08-24,Community Activity,52
AN000431,P0062,2026-08-09,Assessment,80
AN000432,P0061,2026-07-18,Community Activity,76
AN000433,P0012,2026-07-17,Awareness Session,5
AN000434,P0044,2026-08-21,Community Activity,12
AN000435,P0035,2026-08-16,Workshop,45
AN000436,P0021,2026-07-29,Workshop,54
AN000437,P0046,2026-08-18,Training,42
AN000438,P0033,2026-07-15,Training,75
AN000439,P0010,2026-08-24,Assessment,56
AN000440,P0043,2026-07-10,Community Activity,55
AN000441,P0022,2026-07-15,Community Activity,35
AN000442,P0059,2026-08-07,Training,48
AN000443,P0062,2026-07-17,Awareness Session,15
AN000444,P0026,2026-07-22,Awareness Session,30
AN000445,P0045,2026-07-20,Assessment,65
AN000446,P0036,2026-07-15,Awareness Session,25
AN000447,P0059,2026-08-29,Assessment,27
AN000448,P0010,2026-08-20,Assessment,37
AN000449,P0016,2026-08-27,Training,36
AN000450,P0037,2026-08-27,Workshop,27
AN000451,P0006,2026-08-24,Assessment,13
AN000452,P0042,2026-07-19,Awareness Session,7
AN000453,P0023,2026-07-20,Community Activity,31
AN000454,P0057,2026-07-12,Counselling,47
AN000455,P0054,2026-07-16,Counselling,42
AN000456,P0050,2026-08-03,Assessment,15
AN000457,P0019,2026-08-24,Training,46
AN000458,P0025,2026-08-13,Awareness Session,69
AN000459,P0028,2026-08-10,Training,69
AN000460,P0027,2026-07-20,Counselling,78
AN000461,P0038,2026-07-24,Workshop,57
AN000462,P0003,2026-08-05,Community Activity,77
AN000463,P0060,2026-08-27,Awareness Session,6
AN000464,P0039,2026-07-30,Assessment,49
AN000465,P0055,2026-07-20,Training,25
AN000466,P0046,2026-07-25,Workshop,11
AN000467,P0059,2026-07-05,Assessment,7
AN000468,P0045,2026-08-22,Counselling,6
AN000469,P0059,2026-08-22,Awareness Session,79
AN000470,P0024,2026-08-27,Community Activity,45
AN000471,P0039,2026-08-06,Counselling,59
AN000472,P0003,2026-07-15,Assessment,39
AN000473,P0004,2026-07-21,Training,59
AN000474,P0005,2026-07-17,Community Activity,23
AN000475,P0053,2026-07-01,Community Activity,39
AN000476,P0008,2026-08-07,Awareness Session,79
AN000477,P0059,2026-08-06,Workshop,65
AN000478,P0010,2026-07-30,Training,33
AN000479,P0010,2026-08-04,Awareness Session,66
AN000480,P0039,2026-07-20,Awareness Session,80
AN000481,P0037,2026-08-29,Counselling,23
AN000482,P0054,2026-07-04,Training,25
AN000483,P0058,2026-08-19,Workshop,37
AN000484,P0041,2026-07-24,Community Activity,80
AN000485,P0052,2026-08-03,Community Activity,23
AN000486,P0042,2026-08-05,Training,25
AN000487,P0015,2026-07-14,Training,47
AN000488,P0057,2026-07-30,Assessment,48
AN000489,P0061,2026-08-14,Counselling,72
AN000490,P0039,2026-07-03,Community Activity,36
AN000491,P0066,2026-07-22,Assessment,39
AN000492,P0005,2026-07-17,Community Activity,75
AN000493,P0011,2026-08-03,Awareness Session,55
AN000494,P0040,2026-07-12,Workshop,62
AN000495,P0021,2026-07-17,Training,44
AN000496,P0029,2026-07-05,Assessment,27
AN000497,P0039,2026-07-18,Counselling,51
AN000498,P0010,2026-07-05,Counselling,29
AN000499,P0033,2026-08-28,Assessment,33
AN000500,P0018,2026-07-11,Community Activity,14
AN000501,P0031,2026-07-07,Counselling,67
AN000502,P0050,2026-07-05,Awareness Session,11
AN000503,P0036,2026-07-06,Community Activity,16
AN000504,P0007,2026-07-24,Awareness Session,75
AN000505,P0057,2026-08-03,Training,51
AN000506,P0005,2026-07-18,Workshop,44
AN000507,P0034,2026-08-02,Training,52
AN000508,P0024,2026-08-06,Workshop,47
AN000509,P0014,2026-07-11,Awareness Session,54
AN000510,P0061,2026-08-07,Counselling,48
AN000511,P0047,2026-07-17,Assessment,80
AN000512,P0029,2026-08-10,Assessment,60
AN000513,P0013,2026-07-30,Awareness Session,57
AN000514,P0047,2026-08-05,Community Activity,51
AN000515,P0011,2026-07-20,Awareness Session,29
AN000516,P0017,2026-08-19,Community Activity,52
AN000517,P0048,2026-07-02,Community Activity,79
AN000518,P0017,2026-08-18,Workshop,28
AN000519,P0031,2026-08-28,Awareness Session,49
AN000520,P0037,2026-08-16,Workshop,44
AN000521,P0011,2026-07-13,Counselling,62
AN000522,P0024,2026-08-03,Workshop,66
AN000523,P0053,2026-08-03,Training,32
AN000524,P0013,2026-08-09,Workshop,8
AN000525,P0015,2026-08-18,Counselling,56
AN000526,P0016,2026-08-13,Awareness Session,78
AN000527,P0034,2026-07-16,Workshop,20
AN000528,P0059,2026-07-07,Community Activity,42
AN000529,P0043,2026-08-27,Workshop,75
AN000530,P0023,2026-07-17,Counselling,14
AN000531,P0047,2026-08-08,Counselling,38
AN000532,P0066,2026-07-18,Assessment,12
AN000533,P0047,2026-07-14,Counselling,11
AN000534,P0018,2026-08-13,Assessment,44
AN000535,P0040,2026-07-02,Awareness Session,55
AN000536,P0020,2026-07-12,Assessment,71
AN000537,P0025,2026-07-14,Workshop,48
AN000538,P0003,2026-07-12,Counselling,41
AN000539,P0031,2026-08-01,Training,51
AN000540,P0047,2026-07-16,Workshop,7
AN000541,P0031,2026-07-20,Assessment,37
AN000542,P0028,2026-08-08,Counselling,25
AN000543,P0057,2026-07-21,Assessment,17
AN000544,P0047,2026-08-25,Training,52
AN000545,P0060,2026-07-15,Counselling,60
AN000546,P0028,2026-08-13,Workshop,60
AN000547,P0021,2026-07-19,Workshop,19
AN000548,P0049,2026-08-27,Workshop,52
AN000549,P0061,2026-07-29,Awareness Session,61
AN000550,P0004,2026-07-17,Awareness Session,47
AN000551,P0002,2026-07-09,Assessment,12
AN000552,P0056,2026-08-06,Assessment,34
AN000553,P0031,2026-07-05,Awareness Session,61
AN000554,P0022,2026-08-20,Community Activity,77
AN000555,P0055,2026-07-03,Awareness Session,30
AN000556,P0023,2026-07-09,Community Activity,74
AN000557,P0052,2026-07-11,Awareness Session,72
AN000558,P0011,2026-08-04,Training,79
AN000559,P0060,2026-08-16,Workshop,33
AN000560,P0060,2026-07-13,Community Activity,37
AN000561,P0027,2026-07-18,Counselling,80
AN000562,P0003,2026-07-16,Assessment,24
AN000563,P0022,2026-07-02,Community Activity,75
AN000564,P0035,2026-07-06,Awareness Session,71
AN000565,P0043,2026-07-25,Community Activity,52
AN000566,P0067,2026-07-21,Training,22
AN000567,P0045,2026-08-01,Community Activity,27
AN000568,P0057,2026-08-09,Awareness Session,57
AN000569,P0030,2026-07-23,Workshop,20
AN000570,P0012,2026-08-11,Awareness Session,59
AN000571,P0063,2026-07-02,Awareness Session,41
AN000572,P0048,2026-07-21,Training,59
AN000573,P0034,2026-08-19,Awareness Session,64
AN000574,P0051,2026-07-26,Community Activity,64
AN000575,P0027,2026-08-13,Community Activity,35
AN000576,P0011,2026-08-07,Workshop,40
AN000577,P0050,2026-08-02,Counselling,54
AN000578,P0010,2026-07-13,Assessment,52
AN000579,P0025,2026-07-04,Training,30
AN000580,P0006,2026-08-22,Awareness Session,53
AN000581,P0020,2026-08-10,Awareness Session,6
AN000582,P0015,2026-08-05,Community Activity,41
AN000583,P0004,2026-07-29,Community Activity,44
AN000584,P0044,2026-08-19,Counselling,23
AN000585,P0005,2026-07-01,Counselling,38
AN000586,P0018,2026-07-23,Awareness Session,42
AN000587,P0025,2026-07-31,Community Activity,43
AN000588,P0003,2026-08-21,Counselling,51
AN000589,P0013,2026-07-16,Awareness Session,13
AN000590,P0009,2026-08-06,Community Activity,22
AN000591,P0028,2026-08-25,Community Activity,23
AN000592,P0008,2026-08-13,Awareness Session,22
AN000593,P0010,2026-08-08,Awareness Session,70
AN000594,P0031,2026-07-07,Assessment,80
AN000595,P0063,2026-07-01,Awareness Session,49
AN000596,P0044,2026-08-01,Counselling,33
AN000597,P0016,2026-07-31,Community Activity,67
AN000598,P0001,2026-08-27,Community Activity,66
AN000599,P0050,2026-07-23,Workshop,72
AN000600,P0030,2026-08-22,Training,46
AN000601,P0028,2026-08-24,Training,79
AN000602,P0063,2026-08-09,Training,39
AN000603,P0014,2026-07-28,Training,12
AN000604,P0046,2026-07-02,Community Activity,29
AN000605,P0051,2026-07-11,Awareness Session,68
AN000606,P0004,2026-08-03,Workshop,66
AN000607,P0065,2026-08-20,Assessment,31
AN000608,P0059,2026-08-22,Awareness Session,58
AN000609,P0022,2026-08-14,Workshop,60
AN000610,P0011,2026-07-20,Counselling,44
AN000611,P0027,2026-08-18,Counselling,20
AN000612,P0061,2026-08-11,Assessment,33
AN000613,P0028,2026-07-14,Workshop,59
AN000614,P0003,2026-08-21,Workshop,19
AN000615,P0043,2026-07-25,Counselling,9
AN000616,P0035,2026-08-01,Workshop,65
AN000617,P0051,2026-07-09,Training,68
AN000618,P0033,2026-08-22,Community Activity,23
AN000619,P0040,2026-08-28,Assessment,17
AN000620,P0048,2026-08-13,Workshop,58
AN000621,P0048,2026-08-01,Community Activity,64
AN000622,P0067,2026-08-17,Training,57
AN000623,P0051,2026-07-21,Assessment,69
AN000624,P0053,2026-08-17,Training,40
AN000625,P0019,2026-07-02,Community Activity,43
AN000626,P0063,2026-07-02,Assessment,59
AN000627,P0040,2026-07-20,Assessment,75
AN000628,P0041,2026-08-23,Assessment,9
AN000629,P0063,2026-07-21,Training,24
AN000630,P0024,2026-08-26,Workshop,6
AN000631,P0041,2026-07-17,Community Activity,49
AN000632,P0056,2026-08-06,Training,48
AN000633,P0065,2026-07-12,Training,7
AN000634,P0029,2026-07-27,Awareness Session,74
AN000635,P0067,2026-08-12,Awareness Session,31
AN000636,P0015,2026-07-07,Workshop,24
AN000637,P0008,2026-07-05,Counselling,13
AN000638,P0017,2026-08-22,Training,8
AN000639,P0065,2026-08-28,Training,32
AN000640,P0026,2026-08-17,Awareness Session,59
AN000641,P0048,2026-07-25,Awareness Session,38
AN000642,P0056,2026-08-15,Counselling,16
AN000643,P0063,2026-08-01,Counselling,32
AN000644,P0014,2026-07-21,Awareness Session,74
AN000645,P0064,2026-08-06,Counselling,34
AN000646,P0027,2026-08-12,Counselling,79
AN000647,P0031,2026-07-11,Community Activity,32
AN000648,P0041,2026-08-27,Training,59
AN000649,P0049,2026-08-21,Workshop,18
AN000650,P0007,2026-08-03,Counselling,27
AN000651,P0056,2026-08-25,Assessment,30
AN000652,P0028,2026-07-15,Community Activity,43
AN000653,P0030,2026-08-16,Workshop,78
AN000654,P0032,2026-07-20,Awareness Session,41
AN000655,P0042,2026-08-21,Community Activity,78
AN000656,P0020,2026-07-04,Community Activity,24
AN000657,P0017,2026-08-29,Awareness Session,13
AN000658,P0018,2026-08-25,Workshop,52
AN000659,P0001,2026-08-23,Community Activity,75
AN000660,P0054,2026-07-27,Workshop,75
AN000661,P0060,2026-07-19,Community Activity,48
AN000662,P0064,2026-07-26,Training,39
AN000663,P0009,2026-07-05,Assessment,69
AN000664,P0038,2026-08-08,Counselling,42
AN000665,P0067,2026-08-10,Workshop,34
AN000666,P0040,2026-07-26,Training,26
AN000667,P0004,2026-08-20,Awareness Session,39
AN000668,P0012,2026-07-29,Counselling,76
AN000669,P0038,2026-08-07,Assessment,40
AN000670,P0055,2026-07-07,Assessment,40
AN000671,P0030,2026-08-09,Awareness Session,8
AN000672,P0032,2026-07-24,Training,63
AN000673,P0037,2026-08-02,Training,55
AN000674,P0019,2026-07-18,Awareness Session,11
AN000675,P0014,2026-08-14,Assessment,77
AN000676,P0007,2026-08-20,Community Activity,8
AN000677,P0004,2026-08-19,Counselling,33
AN000678,P0036,2026-08-14,Assessment,55
AN000679,P0004,2026-07-22,Awareness Session,6
AN000680,P0053,2026-07-19,Counselling,49
AN000681,P0001,2026-07-30,Counselling,58
AN000682,P0033,2026-07-29,Community Activity,44
AN000683,P0036,2026-07-26,Community Activity,22
AN000684,P0002,2026-08-23,Counselling,60
AN000685,P0043,2026-07-30,Community Activity,52
AN000686,P0004,2026-08-05,Counselling,49
AN000687,P0037,2026-08-20,Training,24
AN000688,P0009,2026-08-19,Workshop,57
AN000689,P0028,2026-08-25,Community Activity,62
AN000690,P0011,2026-08-15,Community Activity,61
AN000691,P0046,2026-07-12,Workshop,76
AN000692,P0066,2026-07-20,Awareness Session,10
AN000693,P0013,2026-07-26,Awareness Session,72
AN000694,P0003,2026-08-19,Counselling,15
AN000695,P0001,2026-07-25,Assessment,51
AN000696,P0054,2026-07-22,Awareness Session,51
AN000697,P0054,2026-08-05,Workshop,48
AN000698,P0065,2026-07-10,Assessment,25
AN000699,P0044,2026-08-21,Community Activity,31
AN000700,P0030,2026-07-08,Awareness Session,54
AN000701,P0065,2026-07-10,Training,19
AN000702,P0043,2026-07-24,Community Activity,80
AN000703,P0025,2026-07-28,Awareness Session,26
AN000704,P0042,2026-07-31,Community Activity,56
AN000705,P0016,2026-08-06,Community Activity,54
AN000706,P0046,2026-07-11,Training,63
AN000707,P0022,2026-08-11,Community Activity,57
AN000708,P0059,2026-07-28,Assessment,51
AN000709,P0059,2026-08-06,Community Activity,32
AN000710,P0012,2026-07-01,Awareness Session,26
AN000711,P0029,2026-08-05,Community Activity,28
AN000712,P0030,2026-08-05,Workshop,25
AN000713,P0049,2026-08-12,Counselling,74
AN000714,P0050,2026-08-22,Training,43
AN000715,P0014,2026-07-12,Workshop,57
AN000716,P0063,2026-07-27,Assessment,24
AN000717,P0054,2026-08-18,Training,13
AN000718,P0004,2026-07-11,Workshop,44
AN000719,P0041,2026-07-22,Awareness Session,66
AN000720,P0048,2026-08-04,Workshop,40
AN000721,P0036,2026-08-22,Community Activity,46
AN000722,P0064,2026-07-18,Workshop,15
AN000723,P0011,2026-08-23,Training,19
AN000724,P0044,2026-08-28,Workshop,24
AN000725,P0018,2026-07-02,Workshop,19
AN000726,P0039,2026-08-18,Community Activity,55
AN000727,P0060,2026-08-14,Training,42
AN000728,P0049,2026-08-22,Workshop,18
AN000729,P0042,2026-07-08,Workshop,63
AN000730,P0039,2026-08-06,Workshop,55
AN000731,P0015,2026-07-13,Assessment,8
AN000732,P0054,2026-08-02,Training,61
AN000733,P0066,2026-08-15,Workshop,64
AN000734,P0045,2026-07-04,Counselling,8
AN000735,P0067,2026-07-25,Assessment,70
AN000736,P0025,2026-07-24,Training,67
AN000737,P0030,2026-08-01,Community Activity,69
AN000738,P0010,2026-07-06,Counselling,43
AN000739,P0012,2026-07-31,Workshop,6
AN000740,P0020,2026-07-08,Workshop,12
AN000741,P0025,2026-07-22,Awareness Session,22
AN000742,P0016,2026-07-31,Awareness Session,71
AN000743,P0040,2026-07-24,Assessment,51
AN000744,P0046,2026-07-20,Community Activity,77
AN000745,P0036,2026-08-21,Awareness Session,33
AN000746,P0030,2026-07-27,Counselling,34
AN000747,P0065,2026-08-19,Training,49
AN000748,P0056,2026-08-09,Counselling,63
AN000749,P0050,2026-08-25,Community Activity,79
AN000750,P0009,2026-07-15,Community Activity,54
AN000751,P0012,2026-07-24,Community Activity,63
AN000752,P0025,2026-07-30,Counselling,59
AN000753,P0067,2026-07-10,Community Activity,61
AN000754,P0062,2026-07-15,Workshop,42
AN000755,P0019,2026-07-16,Counselling,7
AN000756,P0064,2026-07-07,Community Activity,16
AN000757,P0019,2026-08-04,Counselling,31
AN000758,P0056,2026-08-22,Workshop,76
AN000759,P0003,2026-08-07,Counselling,25
AN000760,P0062,2026-08-21,Awareness Session,14
AN000761,P0020,2026-08-11,Community Activity,21
AN000762,P0029,2026-08-14,Community Activity,17
AN000763,P0035,2026-08-08,Counselling,11
AN000764,P0043,2026-07-09,Awareness Session,10
AN000765,P0003,2026-08-17,Assessment,55
AN000766,P0005,2026-08-23,Training,33
AN000767,P0059,2026-08-28,Training,41
AN000768,P0041,2026-07-15,Assessment,20
AN000769,P0002,2026-08-26,Counselling,28
AN000770,P0030,2026-07-22,Workshop,33
AN000771,P0030,2026-07-29,Community Activity,78
AN000772,P0037,2026-07-11,Training,75
AN000773,P0032,2026-07-06,Training,40
AN000774,P0047,2026-07-26,Community Activity,76
AN000775,P0017,2026-08-12,Workshop,9
AN000776,P0028,2026-07-08,Community Activity,16
AN000777,P0010,2026-07-17,Awareness Session,68
AN000778,P0026,2026-07-13,Counselling,75
AN000779,P0060,2026-08-06,Assessment,49
AN000780,P0056,2026-08-29,Assessment,24
AN000781,P0023,2026-08-15,Training,60
AN000782,P0014,2026-08-08,Training,23
AN000783,P0062,2026-07-23,Workshop,62
AN000784,P0067,2026-07-02,Workshop,40
AN000785,P0030,2026-08-21,Community Activity,58
AN000786,P0040,2026-07-22,Community Activity,54
AN000787,P0067,2026-07-02,Training,9
AN000788,P0019,2026-08-15,Training,65
AN000789,P0013,2026-07-08,Assessment,52
AN000790,P0067,2026-08-13,Awareness Session,53
AN000791,P0051,2026-08-06,Awareness Session,36
AN000792,P0047,2026-08-19,Community Activity,20
AN000793,P0007,2026-08-26,Training,72
AN000794,P0041,2026-08-11,Training,27
AN000795,P0048,2026-08-13,Training,22
AN000796,P0018,2026-07-02,Community Activity,69
AN000797,P0043,2026-08-02,Community Activity,52
AN000798,P0036,2026-08-05,Assessment,26
AN000799,P0028,2026-07-12,Training,17
AN000800,P0051,2026-07-21,Awareness Session,33
AN000801,P0004,2026-08-19,Counselling,22
AN000802,P0009,2026-08-06,Community Activity,49
AN000803,P0066,2026-07-25,Assessment,58
AN000804,P0052,2026-08-14,Awareness Session,45
AN000805,P0041,2026-07-03,Awareness Session,69
AN000806,P0015,2026-07-01,Counselling,54
AN000807,P0067,2026-07-23,Awareness Session,33
AN000808,P0025,2026-08-15,Awareness Session,19
AN000809,P0037,2026-08-22,Awareness Session,78
AN000810,P0004,2026-08-04,Community Activity,34
AN000811,P0015,2026-08-20,Community Activity,35
AN000812,P0053,2026-07-12,Counselling,36
AN000813,P0010,2026-08-20,Counselling,55
AN000814,P0048,2026-07-31,Assessment,26
AN000815,P0051,2026-08-10,Community Activity,59
AN000816,P0037,2026-08-27,Workshop,53
AN000817,P0040,2026-07-14,Workshop,31
AN000818,P0034,2026-07-09,Community Activity,14
AN000819,P0002,2026-08-27,Workshop,12
AN000820,P0013,2026-07-22,Assessment,40
AN000821,P0022,2026-07-11,Counselling,17
AN000822,P0047,2026-07-27,Awareness Session,56
AN000823,P0046,2026-08-26,Community Activity,42
AN000824,P0045,2026-07-08,Awareness Session,44
AN000825,P0040,2026-08-02,Community Activity,36
AN000826,P0010,2026-08-11,Workshop,49
AN000827,P0028,2026-07-29,Community Activity,23
AN000828,P0038,2026-07-24,Community Activity,73
AN000829,P0040,2026-08-03,Workshop,71
AN000830,P0038,2026-08-26,Awareness Session,33
AN000831,P0011,2026-08-22,Community Activity,14
AN000832,P0004,2026-08-25,Workshop,17
AN000833,P0041,2026-08-21,Assessment,53
AN000834,P0007,2026-07-06,Assessment,76
AN000835,P0017,2026-07-04,Workshop,24
AN000836,P0041,2026-08-15,Assessment,40
AN000837,P0034,2026-07-19,Assessment,29
AN000838,P0009,2026-08-27,Assessment,22
AN000839,P0020,2026-08-15,Assessment,71
AN000840,P0010,2026-07-07,Counselling,38
AN000841,P0023,2026-08-02,Community Activity,63
AN000842,P0003,2026-07-04,Counselling,42
AN000843,P0046,2026-07-29,Training,47
AN000844,P0038,2026-08-27,Workshop,9
AN000845,P0044,2026-08-05,Awareness Session,44
AN000846,P0053,2026-07-16,Awareness Session,23
AN000847,P0022,2026-07-14,Workshop,6
AN000848,P0018,2026-08-16,Workshop,55
AN000849,P0004,2026-07-23,Community Activity,65
AN000850,P0054,2026-07-18,Counselling,37
AN000851,P0005,2026-07-01,Assessment,9
AN000852,P0061,2026-07-18,Community Activity,5
AN000853,P0026,2026-07-10,Training,68
AN000854,P0057,2026-08-19,Workshop,13
AN000855,P0041,2026-08-07,Assessment,16
AN000856,P0024,2026-07-31,Workshop,78
AN000857,P0033,2026-07-17,Workshop,64
AN000858,P0044,2026-07-09,Workshop,26
AN000859,P0066,2026-07-14,Assessment,80
AN000860,P0024,2026-07-05,Counselling,24
AN000861,P0047,2026-07-20,Workshop,31
AN000862,P0027,2026-08-13,Community Activity,58
AN000863,P0014,2026-08-01,Workshop,15
AN000864,P0030,2026-07-16,Training,49
AN000865,P0032,2026-07-27,Community Activity,14
AN000866,P0034,2026-07-21,Training,10
AN000867,P0047,2026-08-02,Awareness Session,73
AN000868,P0046,2026-08-20,Community Activity,70
AN000869,P0035,2026-07-25,Community Activity,5
AN000870,P0037,2026-08-24,Assessment,14
AN000871,P0029,2026-08-11,Awareness Session,48
AN000872,P0057,2026-07-20,Community Activity,26
AN000873,P0058,2026-07-03,Counselling,10
AN000874,P0011,2026-07-07,Community Activity,21
AN000875,P0049,2026-07-09,Assessment,71
AN000876,P0042,2026-07-06,Training,39
AN000877,P0054,2026-07-10,Workshop,28
AN000878,P0049,2026-07-17,Community Activity,58
AN000879,P0036,2026-07-23,Workshop,7
AN000880,P0058,2026-07-28,Counselling,45
AN000881,P0001,2026-07-04,Training,32
AN000882,P0009,2026-08-01,Counselling,74
AN000883,P0001,2026-08-25,Assessment,40
AN000884,P0036,2026-07-01,Assessment,77
AN000885,P0009,2026-07-05,Counselling,66
AN000886,P0053,2026-07-12,Assessment,27
AN000887,P0057,2026-08-15,Community Activity,51
AN000888,P0061,2026-07-01,Assessment,21
AN000889,P0014,2026-07-06,Workshop,45
AN000890,P0051,2026-08-27,Training,9
AN000891,P0054,2026-07-04,Training,66
AN000892,P0029,2026-07-30,Assessment,61
AN000893,P0061,2026-07-11,Awareness Session,70
AN000894,P0005,2026-07-17,Counselling,9
AN000895,P0013,2026-08-29,Counselling,70
AN000896,P0061,2026-08-11,Assessment,19
AN000897,P0048,2026-08-10,Community Activity,30
AN000898,P0058,2026-08-07,Counselling,12
AN000899,P0034,2026-07-28,Counselling,49
AN000900,P0023,2026-07-06,Workshop,66
AN000901,P0002,2026-08-03,Community Activity,20
AN000902,P0036,2026-07-18,Assessment,26
AN000903,P0003,2026-08-10,Community Activity,53
AN000904,P0041,2026-08-20,Awareness Session,60
AN000905,P0041,2026-08-21,Assessment,27
AN000906,P0039,2026-08-17,Community Activity,12
AN000907,P0040,2026-07-28,Training,75
AN000908,P0032,2026-07-09,Assessment,30
AN000909,P0040,2026-07-26,Community Activity,26
AN000910,P0018,2026-07-05,Training,57
AN000911,P0024,2026-07-01,Training,30
AN000912,P0018,2026-08-20,Awareness Session,40
AN000913,P0004,2026-08-22,Assessment,39
AN000914,P0006,2026-07-06,Awareness Session,77
AN000915,P0050,2026-07-06,Awareness Session,80
AN000916,P0026,2026-07-07,Counselling,70
AN000917,P0054,2026-07-06,Workshop,7
AN000918,P0057,2026-08-21,Awareness Session,49
AN000919,P0001,2026-07-10,Assessment,75
AN000920,P0014,2026-08-12,Training,40
AN000921,P0022,2026-08-01,Awareness Session,30
AN000922,P0015,2026-07-20,Community Activity,40
AN000923,P0035,2026-07-03,Community Activity,60
AN000924,P0031,2026-08-03,Training,67
AN000925,P0038,2026-07-13,Workshop,11
AN000926,P0051,2026-07-17,Community Activity,48
AN000927,P0035,2026-08-15,Assessment,62
AN000928,P0058,2026-07-26,Workshop,38
AN000929,P0054,2026-08-11,Community Activity,30
AN000930,P0006,2026-07-21,Awareness Session,50
AN000931,P0046,2026-08-20,Community Activity,13
AN000932,P0063,2026-07-05,Assessment,44
AN000933,P0037,2026-08-11,Training,39
AN000934,P0062,2026-08-14,Workshop,49
AN000935,P0031,2026-07-31,Community Activity,41
AN000936,P0054,2026-07-12,Counselling,17
AN000937,P0064,2026-07-25,Counselling,48
AN000938,P0034,2026-07-09,Training,47
AN000939,P0017,2026-07-09,Community Activity,14
AN000940,P0062,2026-08-27,Assessment,60
AN000941,P0064,2026-07-17,Awareness Session,51
AN000942,P0013,2026-07-13,Workshop,50
AN000943,P0022,2026-07-04,Workshop,80
AN000944,P0060,2026-08-06,Training,6
AN000945,P0011,2026-07-05,Community Activity,21
AN000946,P0053,2026-08-07,Workshop,74
AN000947,P0051,2026-07-25,Community Activity,67
AN000948,P0051,2026-07-24,Community Activity,63
AN000949,P0010,2026-08-27,Awareness Session,59
AN000950,P0067,2026-08-05,Assessment,14
AN000951,P0061,2026-07-31,Training,19
AN000952,P0032,2026-07-05,Counselling,55
AN000953,P0056,2026-07-11,Counselling,51
AN000954,P0053,2026-08-19,Assessment,22
AN000955,P0031,2026-08-12,Awareness Session,9
AN000956,P0046,2026-07-12,Awareness Session,44
AN000957,P0025,2026-07-28,Community Activity,25
AN000958,P0033,2026-08-13,Workshop,53
AN000959,P0052,2026-07-05,Counselling,33
AN000960,P0036,2026-07-28,Training,79
AN000961,P0042,2026-08-13,Training,20
AN000962,P0060,2026-07-22,Workshop,48
AN000963,P0034,2026-08-11,Counselling,75
AN000964,P0019,2026-07-26,Counselling,25
AN000965,P0012,2026-08-25,Training,54
AN000966,P0067,2026-07-26,Community Activity,28
AN000967,P0038,2026-08-15,Counselling,40
AN000968,P0014,2026-08-18,Community Activity,54
AN000969,P0054,2026-07-16,Awareness Session,7
AN000970,P0058,2026-08-05,Awareness Session,56
AN000971,P0062,2026-07-19,Community Activity,79
AN000972,P0045,2026-08-26,Counselling,38
AN000973,P0009,2026-07-14,Community Activity,27
AN000974,P0065,2026-08-12,Awareness Session,36
AN000975,P0059,2026-08-27,Workshop,13
AN000976,P0004,2026-08-29,Training,30
AN000977,P0027,2026-08-09,Community Activity,51
AN000978,P0057,2026-07-17,Workshop,19
AN000979,P0059,2026-08-04,Community Activity,35
AN000980,P0044,2026-08-03,Community Activity,32
AN000981,P0002,2026-08-12,Assessment,56
AN000982,P0025,2026-08-10,Assessment,13
AN000983,P0054,2026-08-09,Awareness Session,9
AN000984,P0034,2026-07-01,Counselling,20
AN000985,P0022,2026-08-05,Community Activity,62
AN000986,P0010,2026-08-24,Community Activity,37
AN000987,P0004,2026-07-03,Workshop,20
AN000988,P0012,2026-08-13,Training,78
AN000989,P0054,2026-08-28,Awareness Session,26
AN000990,P0026,2026-07-01,Awareness Session,59
AN000991,P0019,2026-07-03,Counselling,38
AN000992,P0050,2026-07-15,Awareness Session,51
AN000993,P0041,2026-08-03,Awareness Session,75
AN000994,P0035,2026-08-29,Workshop,80
AN000995,P0013,2026-08-02,Awareness Session,72
AN000996,P0048,2026-08-08,Awareness Session,6
AN000997,P0066,2026-08-17,Awareness Session,17
AN000998,P0018,2026-08-03,Counselling,16
AN000999,P0001,2026-07-30,Workshop,65
AN001000,P0036,2026-07-12,Community Activity,76
AN001001,P0051,2026-08-20,Workshop,44
AN001002,P0034,2026-08-13,Workshop,70
AN001003,P0044,2026-08-07,Awareness Session,10
AN001004,P0034,2026-08-18,Workshop,10
AN001005,P0064,2026-08-11,Training,26
AN001006,P0065,2026-07-19,Assessment,19
AN001007,P0036,2026-07-11,Counselling,25
AN001008,P0033,2026-08-26,Assessment,44
AN001009,P0057,2026-07-06,Assessment,76
AN001010,P0011,2026-07-18,Community Activity,78
AN001011,P0032,2026-07-26,Training,20
AN001012,P0037,2026-08-03,Workshop,15
AN001013,P0045,2026-08-19,Community Activity,62
AN001014,P0045,2026-08-14,Community Activity,9
AN001015,P0016,2026-07-21,Training,34
AN001016,P0002,2026-08-28,Community Activity,61
AN001017,P0064,2026-08-26,Awareness Session,33
AN001018,P0007,2026-07-28,Assessment,58
AN001019,P0025,2026-07-15,Awareness Session,69
AN001020,P0010,2026-08-01,Awareness Session,30
AN001021,P0055,2026-07-19,Assessment,23
AN001022,P0004,2026-07-05,Counselling,43
AN001023,P0013,2026-08-27,Workshop,8
AN001024,P0062,2026-07-17,Counselling,24
AN001025,P0059,2026-08-12,Awareness Session,45
AN001026,P0015,2026-08-17,Community Activity,67
AN001027,P0025,2026-07-12,Assessment,39
AN001028,P0062,2026-07-04,Awareness Session,72
AN001029,P0067,2026-08-24,Assessment,14
AN001030,P0041,2026-08-17,Training,50
AN001031,P0061,2026-08-03,Assessment,50
AN001032,P0050,2026-08-11,Workshop,43
AN001033,P0003,2026-08-26,Counselling,61
AN001034,P0015,2026-08-10,Community Activity,38
AN001035,P0004,2026-08-04,Assessment,41
AN001036,P0052,2026-08-11,Assessment,35
AN001037,P0020,2026-08-02,Workshop,37
AN001038,P0050,2026-07-18,Community Activity,79
AN001039,P0003,2026-08-20,Training,19
AN001040,P0050,2026-07-06,Training,80
AN001041,P0005,2026-07-26,Workshop,77
AN001042,P0054,2026-07-13,Workshop,75
AN001043,P0057,2026-08-03,Awareness Session,6
AN001044,P0012,2026-07-06,Awareness Session,36
AN001045,P0020,2026-08-08,Training,58
AN001046,P0002,2026-07-20,Counselling,38
AN001047,P0019,2026-07-05,Assessment,30
AN001048,P0005,2026-07-05,Training,8
AN001049,P0006,2026-07-26,Counselling,18
AN001050,P0013,2026-07-27,Counselling,76
AN001051,P0028,2026-07-28,Community Activity,42
AN001052,P0008,2026-08-17,Workshop,62
AN001053,P0028,2026-07-22,Training,23
AN001054,P0001,2026-08-27,Awareness Session,66
AN001055,P0045,2026-07-07,Assessment,46
AN001056,P0042,2026-07-20,Counselling,30
AN001057,P0027,2026-08-26,Counselling,6
AN001058,P0062,2026-08-29,Assessment,21
AN001059,P0052,2026-07-31,Awareness Session,72
AN001060,P0017,2026-08-05,Training,35
AN001061,P0064,2026-08-25,Community Activity,6
AN001062,P0052,2026-08-27,Assessment,57
AN001063,P0046,2026-07-24,Workshop,52
AN001064,P0030,2026-07-30,Community Activity,73
AN001065,P0036,2026-08-15,Workshop,67
AN001066,P0057,2026-07-06,Counselling,54
AN001067,P0043,2026-08-04,Training,31
AN001068,P0005,2026-07-07,Community Activity,80
AN001069,P0035,2026-08-11,Training,38
AN001070,P0051,2026-08-25,Community Activity,41
AN001071,P0039,2026-08-23,Training,40
AN001072,P0055,2026-08-21,Awareness Session,78
AN001073,P0022,2026-07-05,Awareness Session,50
AN001074,P0009,2026-07-31,Workshop,46
AN001075,P0042,2026-08-03,Assessment,74
AN001076,P0012,2026-07-08,Community Activity,77
AN001077,P0009,2026-07-15,Training,12
AN001078,P0054,2026-07-20,Workshop,43
AN001079,P0003,2026-08-21,Community Activity,80
AN001080,P0028,2026-07-11,Workshop,80
AN001081,P0028,2026-07-29,Training,68
AN001082,P0041,2026-07-28,Assessment,53
AN001083,P0030,2026-08-13,Assessment,48
AN001084,P0042,2026-07-18,Assessment,30
AN001085,P0035,2026-08-25,Awareness Session,31
AN001086,P0029,2026-08-01,Assessment,75
AN001087,P0026,2026-08-17,Counselling,78
AN001088,P0056,2026-07-19,Training,14
AN001089,P0024,2026-07-20,Community Activity,33
AN001090,P0046,2026-08-14,Community Activity,33
AN001091,P0038,2026-07-01,Training,64
AN001092,P0047,2026-07-12,Workshop,30
AN001093,P0018,2026-08-05,Workshop,35
AN001094,P0010,2026-07-04,Community Activity,52
AN001095,P0042,2026-07-23,Training,16
AN001096,P0061,2026-07-16,Community Activity,66
AN001097,P0040,2026-07-24,Assessment,66
AN001098,P0021,2026-08-18,Assessment,78
AN001099,P0003,2026-08-17,Workshop,62
AN001100,P0009,2026-08-11,Counselling,53
AN001101,P0053,2026-07-19,Counselling,76
AN001102,P0043,2026-08-02,Workshop,53
AN001103,P0064,2026-07-17,Counselling,75
AN001104,P0062,2026-07-03,Counselling,78
AN001105,P0021,2026-07-18,Workshop,28
AN001106,P0064,2026-08-25,Training,59
AN001107,P0005,2026-07-15,Workshop,19
AN001108,P0055,2026-07-14,Assessment,37
AN001109,P0057,2026-08-18,Awareness Session,22
AN001110,P0044,2026-08-25,Counselling,63
AN001111,P0011,2026-07-30,Workshop,53
AN001112,P0011,2026-07-25,Workshop,19
AN001113,P0002,2026-07-08,Workshop,65
AN001114,P0033,2026-07-26,Awareness Session,79
AN001115,P0054,2026-07-10,Counselling,30
AN001116,P0015,2026-07-10,Assessment,70
AN001117,P0007,2026-08-15,Community Activity,25
AN001118,P0027,2026-08-20,Training,18
AN001119,P0039,2026-08-28,Assessment,12
AN001120,P0023,2026-07-14,Workshop,45
AN001121,P0061,2026-07-04,Workshop,32
AN001122,P0004,2026-07-30,Assessment,23
AN001123,P0052,2026-08-17,Training,78
AN001124,P0021,2026-07-24,Workshop,75
AN001125,P0035,2026-07-02,Assessment,41
AN001126,P0037,2026-08-29,Community Activity,27
AN001127,P0054,2026-07-18,Community Activity,70
AN001128,P0044,2026-07-16,Workshop,66
AN001129,P0052,2026-08-13,Assessment,60
AN001130,P0032,2026-08-08,Training,57
AN001131,P0054,2026-07-30,Counselling,19
AN001132,P0001,2026-07-10,Community Activity,79
AN001133,P0039,2026-08-17,Awareness Session,5
AN001134,P0062,2026-07-04,Community Activity,33
AN001135,P0029,2026-07-24,Assessment,47
AN001136,P0062,2026-07-01,Counselling,36
AN001137,P0035,2026-08-28,Community Activity,61
AN001138,P0038,2026-08-22,Training,6
AN001139,P0049,2026-07-25,Counselling,46
AN001140,P0006,2026-07-29,Assessment,39
AN001141,P0027,2026-08-23,Awareness Session,50
AN001142,P0056,2026-07-25,Counselling,43
AN001143,P0026,2026-08-18,Counselling,55
AN001144,P0044,2026-08-03,Counselling,49
AN001145,P0067,2026-08-07,Community Activity,43
AN001146,P0064,2026-07-27,Awareness Session,41
AN001147,P0021,2026-07-05,Training,13
AN001148,P0026,2026-08-25,Training,45
AN001149,P0027,2026-07-22,Assessment,54
AN001150,P0020,2026-07-19,Counselling,53
AN001151,P0025,2026-08-20,Workshop,14
AN001152,P0042,2026-08-13,Counselling,17
AN001153,P0011,2026-07-22,Community Activity,6
AN001154,P0041,2026-07-08,Awareness Session,28
AN001155,P0057,2026-07-25,Training,70
AN001156,P0043,2026-08-05,Training,12
AN001157,P0066,2026-07-27,Training,71
AN001158,P0014,2026-07-19,Community Activity,7
AN001159,P0067,2026-08-17,Workshop,46
AN001160,P0027,2026-08-28,Counselling,42
AN001161,P0066,2026-07-29,Community Activity,18
AN001162,P0050,2026-07-29,Assessment,55
AN001163,P0052,2026-07-16,Training,61
AN001164,P0049,2026-08-09,Training,77
AN001165,P0054,2026-08-28,Community Activity,21
AN001166,P0030,2026-08-23,Counselling,23
AN001167,P0050,2026-08-02,Assessment,67
AN001168,P0043,2026-08-10,Assessment,43
AN001169,P0035,2026-08-17,Training,39
AN001170,P0021,2026-08-27,Community Activity,34
AN001171,P0040,2026-07-21,Community Activity,45
AN001172,P0026,2026-08-14,Counselling,27
AN001173,P0044,2026-07-17,Workshop,17
AN001174,P0059,2026-08-23,Training,66
AN001175,P0062,2026-08-25,Training,66
AN001176,P0007,2026-08-04,Awareness Session,14
AN001177,P0041,2026-07-27,Workshop,70
AN001178,P0002,2026-08-19,Assessment,72
AN001179,P0055,2026-08-08,Community Activity,47
AN001180,P0060,2026-08-07,Awareness Session,12
AN001181,P0006,2026-08-07,Counselling,75
AN001182,P0063,2026-08-07,Training,48
AN001183,P0058,2026-08-15,Workshop,65
AN001184,P0030,2026-07-03,Assessment,12
AN001185,P0060,2026-07-22,Awareness Session,64
AN001186,P0062,2026-07-27,Awareness Session,60
AN001187,P0006,2026-07-17,Community Activity,20
AN001188,P0016,2026-07-08,Assessment,34
AN001189,P0007,2026-08-25,Community Activity,25
AN001190,P0049,2026-08-05,Training,32
AN001191,P0008,2026-07-02,Community Activity,10
AN001192,P0009,2026-08-13,Workshop,52
AN001193,P0053,2026-07-20,Workshop,53
AN001194,P0023,2026-08-13,Awareness Session,80
AN001195,P0039,2026-08-08,Assessment,12
AN001196,P0059,2026-07-14,Assessment,39
AN001197,P0043,2026-07-11,Community Activity,78
AN001198,P0009,2026-08-23,Assessment,76
AN001199,P0023,2026-07-05,Counselling,36
AN001200,P0058,2026-07-06,Training,18
