beneficiary_id,centre_id,age_group,gender,enrollment_date
B05001,C007,18-21,Male,2026-07-01
B05002,C007,18-21,Male,2026-07-02
B05003,C003,10-13,Female,2026-07-03
B05004,C006,10-13,Male,2026-07-04
B05005,C006,18-21,Female,2026-07-05
B05006,C005,18-21,Female,2026-07-06
B05007,C003,14-17,Female,2026-07-07
B05008,C008,14-17,Female,2026-07-08
B05009,C010,14-17,Male,2026-07-09
B05010,C010,18-21,Female,2026-07-10
B05011,C008,14-17,Female,2026-07-11
B05012,C003,10-13,Female,2026-07-12
B05013,C001,10-13,Other,2026-07-13
B05014,C003,18-21,Male,2026-07-14
B05015,C010,10-13,Male,2026-07-15
B05016,C004,14-17,Female,2026-07-16
B05017,C002,22-25,Male,2026-07-17
B05018,C009,10-13,Male,2026-07-18
B05019,C004,14-17,Female,2026-07-19
B05020,C007,22-25,Male,2026-07-20
B05021,C007,22-25,Female,2026-07-21
B05022,C007,14-17,Male,2026-07-22
B05023,C007,14-17,Female,2026-07-23
B05024,C006,22-25,Male,2026-07-24
B05025,C006,18-21,Female,2026-07-25
B05026,C010,18-21,Female,2026-07-26
B05027,C003,18-21,Male,2026-07-27
B05028,C008,14-17,Female,2026-07-28
B05029,C008,18-21,Female,2026-07-29
B05030,C007,10-13,Female,2026-07-30
B05031,C010,22-25,Male,2026-07-31
B05032,C001,14-17,Female,2026-08-01
B05033,C009,10-13,Female,2026-08-02
B05034,C002,10-13,Female,2026-08-03
B05035,C009,22-25,Male,2026-08-04
B05036,C009,10-13,Male,2026-08-05
B05037,C001,14-17,Male,2026-08-06
B05038,C005,14-17,Female,2026-08-07
B05039,C004,18-21,Male,2026-08-08
B05040,C007,14-17,Male,2026-08-09
B05041,C006,14-17,Female,2026-08-10
B05042,C009,22-25,Other,2026-08-11
B05043,C001,10-13,Female,2026-08-12
B05044,C004,14-17,Other,2026-08-13
B05045,C004,22-25,Male,2026-08-14
B05046,C002,18-21,Male,2026-08-15
B05047,C008,10-13,Female,2026-08-16
B05048,C005,10-13,Female,2026-08-17
B05049,C002,18-21,Male,2026-08-18
B05050,C009,18-21,Female,2026-08-19
B05051,C007,18-21,Male,2026-08-20
B05052,C003,18-21,Female,2026-08-21
B05053,C005,22-25,Male,2026-08-22
B05054,C010,22-25,Female,2026-08-23
B05055,C009,14-17,Male,2026-08-24
B05056,C010,18-21,Male,2026-08-25
B05057,C005,22-25,Female,2026-08-26
B05058,C009,22-25,Male,2026-08-27
B05059,C003,22-25,Male,2026-08-28
B05060,C008,18-21,Female,2026-08-29
B05061,C007,18-21,Male,2026-08-30
B05062,C004,22-25,Male,2026-08-31
B05063,C001,22-25,Female,2026-09-01
B05064,C002,22-25,Female,2026-09-02
B05065,C007,18-21,Female,2026-09-03
B05066,C006,14-17,Female,2026-09-04
B05067,C003,18-21,Female,2026-09-05
B05068,C010,10-13,Female,2026-09-06
B05069,C003,10-13,Male,2026-09-07
B05070,C005,18-21,Male,2026-09-08
B05071,C006,18-21,Female,2026-09-09
B05072,C004,10-13,Male,2026-09-10
B05073,C006,18-21,Male,2026-09-11
B05074,C010,22-25,Male,2026-09-12
B05075,C003,22-25,Male,2026-09-13
B05076,C003,18-21,Female,2026-09-14
B05077,C009,22-25,Female,2026-09-15
B05078,C007,22-25,Female,2026-09-16
B05079,C010,10-13,Male,2026-09-17
B05080,C004,10-13,Male,2026-09-18
B05081,C003,14-17,Female,2026-09-19
B05082,C010,10-13,Female,2026-09-20
B05083,C007,10-13,Male,2026-09-21
B05084,C008,22-25,Male,2026-09-22
B05085,C009,14-17,Female,2026-09-23
B05086,C006,18-21,Female,2026-09-24
B05087,C007,18-21,Male,2026-09-25
B05088,C005,22-25,Female,2026-09-26
B05089,C010,10-13,Female,2026-09-27
B05090,C010,10-13,Male,2026-09-28
B05091,C003,22-25,Male,2026-09-29
B05092,C001,18-21,Male,2026-09-30
B05093,C009,10-13,Male,2026-10-01
B05094,C001,18-21,Male,2026-10-02
B05095,C005,22-25,Female,2026-10-03
B05096,C010,10-13,Male,2026-10-04
B05097,C006,18-21,Female,2026-10-05
B05098,C006,22-25,Female,2026-10-06
B05099,C001,22-25,Male,2026-10-07
B05100,C004,18-21,Female,2026-10-08
B05101,C009,18-21,Male,2026-10-09
B05102,C006,18-21,Male,2026-10-10
B05103,C010,14-17,Male,2026-10-11
B05104,C007,10-13,Female,2026-10-12
B05105,C005,22-25,Other,2026-10-13
B05106,C001,22-25,Female,2026-10-14
B05107,C010,10-13,Female,2026-10-15
B05108,C004,14-17,Female,2026-10-16
B05109,C008,10-13,Female,2026-10-17
B05110,C010,10-13,Male,2026-10-18
B05111,C001,22-25,Female,2026-10-19
B05112,C002,10-13,Male,2026-10-20
B05113,C001,18-21,Male,2026-10-21
B05114,C003,10-13,Female,2026-10-22
B05115,C006,10-13,Male,2026-10-23
B05116,C001,22-25,Female,2026-10-24
B05117,C005,18-21,Male,2026-10-25
B05118,C004,18-21,Male,2026-10-26
B05119,C005,10-13,Male,2026-10-27
B05120,C001,14-17,Female,2026-10-28
B05121,C005,10-13,Male,2026-10-29
B05122,C002,14-17,Male,2026-10-30
B05123,C007,14-17,Female,2026-10-31
B05124,C008,22-25,Male,2026-11-01
B05125,C001,10-13,Male,2026-11-02
B05126,C003,10-13,Male,2026-11-03
B05127,C010,22-25,Male,2026-11-04
B05128,C002,14-17,Male,2026-11-05
B05129,C003,18-21,Male,2026-11-06
B05130,C007,22-25,Male,2026-11-07
B05131,C007,10-13,Female,2026-11-08
B05132,C004,14-17,Female,2026-11-09
B05133,C003,14-17,Female,2026-11-10
B05134,C003,22-25,Female,2026-11-11
B05135,C002,18-21,Male,2026-11-12
B05136,C009,22-25,Female,2026-11-13
B05137,C002,22-25,Female,2026-11-14
B05138,C002,22-25,Female,2026-11-15
B05139,C007,22-25,Female,2026-11-16
B05140,C010,14-17,Female,2026-11-17
B05141,C010,10-13,Male,2026-11-18
B05142,C001,18-21,Female,2026-11-19
B05143,C008,18-21,Female,2026-11-20
B05144,C008,18-21,Male,2026-11-21
B05145,C001,10-13,Male,2026-11-22
B05146,C007,22-25,Male,2026-11-23
B05147,C005,10-13,Female,2026-11-24
B05148,C010,14-17,Female,2026-11-25
B05149,C008,22-25,Male,2026-11-26
B05150,C003,18-21,Female,2026-11-27
B05151,C007,10-13,Male,2026-11-28
B05152,C010,10-13,Female,2026-11-29
B05153,C001,14-17,Male,2026-11-30
B05154,C007,10-13,Male,2026-12-01
B05155,C010,22-25,Female,2026-12-02
B05156,C002,10-13,Male,2026-12-03
B05157,C001,14-17,Male,2026-12-04
B05158,C006,18-21,Male,2026-12-05
B05159,C006,18-21,Female,2026-12-06
B05160,C003,18-21,Female,2026-12-07
B05161,C004,18-21,Female,2026-12-08
B05162,C010,18-21,Female,2026-12-09
B05163,C004,14-17,Female,2026-12-10
B05164,C006,22-25,Male,2026-12-11
B05165,C001,18-21,Male,2026-12-12
B05166,C002,10-13,Female,2026-12-13
B05167,C009,14-17,Female,2026-12-14
B05168,C009,14-17,Male,2026-12-15
B05169,C003,22-25,Female,2026-12-16
B05170,C004,10-13,Female,2026-12-17
B05171,C005,18-21,Female,2026-12-18
B05172,C001,10-13,Male,2026-12-19
B05173,C004,22-25,Female,2026-12-20
B05174,C004,10-13,Male,2026-12-21
B05175,C005,22-25,Male,2026-12-22
B05176,C010,22-25,Other,2026-12-23
B05177,C009,22-25,Male,2026-12-24
B05178,C006,22-25,Male,2026-12-25
B05179,C005,22-25,Female,2026-12-26
B05180,C006,22-25,Female,2026-12-27
B05181,C007,18-21,Female,2026-12-28
B05182,C006,14-17,Male,2026-12-29
B05183,C003,22-25,Female,2026-12-30
B05184,C008,10-13,Male,2026-12-31
B05185,C009,14-17,Female,2027-01-01
B05186,C007,22-25,Male,2027-01-02
B05187,C010,10-13,Female,2027-01-03
B05188,C007,22-25,Male,2027-01-04
B05189,C001,22-25,Male,2027-01-05
B05190,C008,22-25,Female,2027-01-06
B05191,C005,18-21,Female,2027-01-07
B05192,C009,22-25,Female,2027-01-08
B05193,C003,22-25,Male,2027-01-09
B05194,C002,18-21,Male,2027-01-10
B05195,C003,10-13,Female,2027-01-11
B05196,C002,18-21,Male,2027-01-12
B05197,C005,10-13,Male,2027-01-13
B05198,C003,10-13,Female,2027-01-14
B05199,C008,22-25,Male,2027-01-15
B05200,C003,22-25,Female,2027-01-16
B05201,C010,22-25,Female,2027-01-17
B05202,C009,22-25,Female,2027-01-18
B05203,C007,18-21,Female,2027-01-19
B05204,C002,18-21,Female,2027-01-20
B05205,C006,18-21,Female,2027-01-21
B05206,C007,14-17,Male,2027-01-22
B05207,C007,22-25,Female,2027-01-23
B05208,C004,14-17,Male,2027-01-24
B05209,C006,14-17,Female,2027-01-25
B05210,C007,10-13,Female,2027-01-26
B05211,C006,22-25,Male,2027-01-27
B05212,C003,18-21,Male,2027-01-28
B05213,C008,10-13,Male,2027-01-29
B05214,C006,14-17,Female,2027-01-30
B05215,C010,22-25,Male,2027-01-31
B05216,C005,10-13,Female,2027-02-01
B05217,C002,10-13,Female,2027-02-02
B05218,C002,10-13,Male,2027-02-03
B05219,C001,22-25,Male,2027-02-04
B05220,C005,18-21,Male,2027-02-05
B05221,C004,18-21,Male,2027-02-06
B05222,C005,18-21,Female,2027-02-07
B05223,C006,10-13,Female,2027-02-08
B05224,C004,10-13,Female,2027-02-09
B05225,C010,18-21,Female,2027-02-10
B05226,C006,22-25,Male,2027-02-11
B05227,C003,14-17,Female,2027-02-12
B05228,C005,14-17,Female,2027-02-13
B05229,C005,14-17,Female,2027-02-14
B05230,C002,18-21,Male,2027-02-15
B05231,C007,18-21,Female,2027-02-16
B05232,C001,22-25,Male,2027-02-17
B05233,C005,14-17,Male,2027-02-18
B05234,C010,14-17,Female,2027-02-19
B05235,C004,14-17,Female,2027-02-20
B05236,C004,14-17,Male,2027-02-21
B05237,C002,22-25,Female,2027-02-22
B05238,C002,10-13,Male,2027-02-23
B05239,C006,10-13,Male,2027-02-24
B05240,C005,10-13,Female,2027-02-25
B05241,C006,14-17,Male,2027-02-26
B05242,C007,14-17,Male,2027-02-27
B05243,C007,14-17,Female,2027-02-28
B05244,C001,22-25,Female,2027-03-01
B05245,C009,14-17,Male,2027-03-02
B05246,C008,22-25,Male,2027-03-03
B05247,C008,14-17,Male,2027-03-04
B05248,C004,10-13,Female,2027-03-05
B05249,C001,22-25,Male,2027-03-06
B05250,C006,10-13,Male,2027-03-07
B05251,C007,14-17,Female,2027-03-08
B05252,C009,10-13,Female,2027-03-09
B05253,C002,18-21,Male,2027-03-10
B05254,C005,14-17,Female,2027-03-11
B05255,C004,18-21,Male,2027-03-12
B05256,C005,22-25,Male,2027-03-13
B05257,C010,10-13,Male,2027-03-14
B05258,C005,22-25,Male,2027-03-15
B05259,C004,10-13,Male,2027-03-16
B05260,C005,14-17,Male,2027-03-17
B05261,C003,14-17,Female,2027-03-18
B05262,C006,18-21,Female,2027-03-19
B05263,C007,10-13,Male,2027-03-20
B05264,C010,18-21,Male,2027-03-21
B05265,C010,18-21,Male,2027-03-22
B05266,C009,22-25,Male,2027-03-23
B05267,C007,14-17,Male,2027-03-24
B05268,C008,14-17,Female,2027-03-25
B05269,C001,10-13,Male,2027-03-26
B05270,C006,18-21,Female,2027-03-27
B05271,C007,18-21,Male,2027-03-28
B05272,C005,14-17,Female,2027-03-29
B05273,C003,18-21,Female,2027-03-30
B05274,C001,22-25,Male,2027-03-31
B05275,C010,14-17,Female,2027-04-01
B05276,C002,18-21,Female,2027-04-02
B05277,C010,10-13,Female,2027-04-03
B05278,C010,22-25,Female,2027-04-04
B05279,C002,22-25,Female,2027-04-05
B05280,C002,22-25,Male,2027-04-06
B05281,C007,14-17,Male,2027-04-07
B05282,C010,10-13,Female,2027-04-08
B05283,C006,18-21,Female,2027-04-09
B05284,C001,18-21,Male,2027-04-10
B05285,C010,22-25,Female,2027-04-11
B05286,C002,22-25,Female,2027-04-12
B05287,C005,18-21,Male,2027-04-13
B05288,C002,22-25,Female,2027-04-14
B05289,C010,10-13,Male,2027-04-15
B05290,C003,14-17,Male,2027-04-16
B05291,C001,10-13,Male,2027-04-17
B05292,C002,14-17,Female,2027-04-18
B05293,C002,14-17,Male,2027-04-19
B05294,C001,22-25,Female,2027-04-20
B05295,C009,22-25,Male,2027-04-21
B05296,C008,14-17,Male,2027-04-22
B05297,C006,14-17,Female,2027-04-23
B05298,C007,18-21,Female,2027-04-24
B05299,C009,22-25,Male,2027-04-25
B05300,C001,14-17,Male,2027-04-26
B05301,C006,14-17,Female,2027-04-27
B05302,C005,14-17,Male,2027-04-28
B05303,C004,18-21,Female,2027-04-29
B05304,C001,14-17,Male,2027-04-30
B05305,C006,14-17,Male,2027-05-01
B05306,C008,10-13,Female,2027-05-02
B05307,C009,22-25,Female,2027-05-03
B05308,C008,18-21,Female,2027-05-04
B05309,C002,18-21,Female,2027-05-05
B05310,C001,22-25,Male,2027-05-06
B05311,C006,14-17,Male,2027-05-07
B05312,C007,18-21,Male,2027-05-08
B05313,C008,14-17,Male,2027-05-09
B05314,C010,18-21,Female,2027-05-10
B05315,C005,14-17,Male,2027-05-11
B05316,C005,18-21,Male,2027-05-12
B05317,C002,14-17,Female,2027-05-13
B05318,C005,10-13,Male,2027-05-14
B05319,C009,18-21,Female,2027-05-15
B05320,C006,14-17,Male,2027-05-16
B05321,C004,18-21,Male,2027-05-17
B05322,C009,18-21,Male,2027-05-18
B05323,C001,18-21,Male,2027-05-19
B05324,C001,10-13,Female,2027-05-20
B05325,C007,14-17,Female,2027-05-21
B05326,C006,18-21,Male,2027-05-22
B05327,C008,18-21,Male,2027-05-23
B05328,C004,22-25,Male,2027-05-24
B05329,C004,18-21,Female,2027-05-25
B05330,C010,18-21,Male,2027-05-26
B05331,C007,22-25,Female,2027-05-27
B05332,C004,18-21,Female,2027-05-28
B05333,C004,18-21,Female,2027-05-29
B05334,C001,22-25,Male,2027-05-30
B05335,C006,14-17,Female,2027-05-31
B05336,C005,18-21,Female,2027-06-01
B05337,C003,14-17,Male,2027-06-02
B05338,C010,22-25,Female,2027-06-03
B05339,C006,18-21,Male,2027-06-04
B05340,C009,14-17,Male,2027-06-05
B05341,C003,10-13,Male,2027-06-06
B05342,C005,10-13,Male,2027-06-07
B05343,C004,22-25,Male,2027-06-08
B05344,C002,22-25,Female,2027-06-09
B05345,C002,18-21,Male,2027-06-10
B05346,C003,22-25,Female,2027-06-11
B05347,C001,18-21,Male,2027-06-12
B05348,C009,14-17,Male,2027-06-13
B05349,C002,18-21,Male,2027-06-14
B05350,C003,22-25,Male,2027-06-15
B05351,C003,18-21,Female,2027-06-16
B05352,C007,10-13,Male,2027-06-17
B05353,C005,18-21,Female,2027-06-18
B05354,C003,10-13,Female,2027-06-19
B05355,C003,10-13,Female,2027-06-20
B05356,C006,18-21,Female,2027-06-21
B05357,C005,10-13,Male,2027-06-22
B05358,C009,14-17,Male,2027-06-23
B05359,C004,18-21,Male,2027-06-24
B05360,C010,14-17,Female,2027-06-25
B05361,C007,10-13,Male,2027-06-26
B05362,C006,22-25,Female,2027-06-27
B05363,C003,22-25,Female,2027-06-28
B05364,C008,22-25,Male,2027-06-29
B05365,C001,22-25,Female,2027-06-30
B05366,C010,18-21,Male,2027-07-01
B05367,C007,18-21,Female,2027-07-02
B05368,C009,10-13,Male,2027-07-03
B05369,C007,22-25,Female,2027-07-04
B05370,C010,18-21,Female,2027-07-05
B05371,C001,18-21,Female,2027-07-06
B05372,C010,22-25,Female,2027-07-07
B05373,C001,18-21,Female,2027-07-08
B05374,C010,14-17,Other,2027-07-09
B05375,C006,10-13,Female,2027-07-10
B05376,C007,10-13,Male,2027-07-11
B05377,C006,18-21,Male,2027-07-12
B05378,C007,10-13,Male,2027-07-13
B05379,C008,22-25,Male,2027-07-14
B05380,C006,18-21,Male,2027-07-15
B05381,C010,22-25,Male,2027-07-16
B05382,C003,18-21,Male,2027-07-17
B05383,C003,14-17,Female,2027-07-18
B05384,C005,14-17,Female,2027-07-19
B05385,C004,14-17,Male,2027-07-20
B05386,C007,22-25,Male,2027-07-21
B05387,C007,18-21,Male,2027-07-22
B05388,C007,22-25,Male,2027-07-23
B05389,C009,10-13,Female,2027-07-24
B05390,C002,14-17,Female,2027-07-25
B05391,C006,22-25,Female,2027-07-26
B05392,C004,14-17,Female,2027-07-27
B05393,C010,10-13,Male,2027-07-28
B05394,C006,14-17,Male,2027-07-29
B05395,C003,14-17,Male,2027-07-30
B05396,C002,10-13,Male,2027-07-31
B05397,C004,10-13,Other,2027-08-01
B05398,C007,10-13,Female,2027-08-02
B05399,C006,18-21,Male,2027-08-03
B05400,C004,18-21,Female,2027-08-04
B05401,C001,14-17,Male,2027-08-05
B05402,C004,10-13,Male,2027-08-06
B05403,C003,14-17,Male,2027-08-07
B05404,C003,10-13,Female,2027-08-08
B05405,C004,10-13,Male,2027-08-09
B05406,C005,10-13,Female,2027-08-10
B05407,C009,10-13,Female,2027-08-11
B05408,C009,14-17,Female,2027-08-12
B05409,C008,22-25,Female,2027-08-13
B05410,C001,14-17,Female,2027-08-14
B05411,C003,10-13,Female,2027-08-15
B05412,C009,18-21,Other,2027-08-16
B05413,C009,14-17,Female,2027-08-17
B05414,C006,22-25,Male,2027-08-18
B05415,C008,18-21,Male,2027-08-19
B05416,C006,10-13,Female,2027-08-20
B05417,C009,22-25,Female,2027-08-21
B05418,C006,22-25,Male,2027-08-22
B05419,C010,22-25,Male,2027-08-23
B05420,C007,10-13,Male,2027-08-24
B05421,C009,22-25,Female,2027-08-25
B05422,C001,10-13,Other,2027-08-26
B05423,C004,18-21,Male,2027-08-27
B05424,C010,10-13,Male,2027-08-28
B05425,C006,10-13,Male,2027-08-29
B05426,C002,18-21,Female,2027-08-30
B05427,C008,22-25,Male,2027-08-31
B05428,C001,22-25,Female,2027-09-01
B05429,C002,18-21,Male,2027-09-02
B05430,C003,18-21,Male,2027-09-03
B05431,C008,14-17,Male,2027-09-04
B05432,C005,18-21,Female,2027-09-05
B05433,C007,18-21,Female,2027-09-06
B05434,C010,22-25,Female,2027-09-07
B05435,C009,18-21,Female,2027-09-08
B05436,C007,22-25,Female,2027-09-09
B05437,C006,22-25,Female,2027-09-10
B05438,C009,14-17,Female,2027-09-11
B05439,C006,10-13,Female,2027-09-12
B05440,C004,18-21,Female,2027-09-13
B05441,C008,10-13,Female,2027-09-14
B05442,C006,14-17,Female,2027-09-15
B05443,C003,22-25,Male,2027-09-16
B05444,C003,14-17,Male,2027-09-17
B05445,C003,14-17,Male,2027-09-18
B05446,C007,10-13,Female,2027-09-19
B05447,C007,10-13,Male,2027-09-20
B05448,C003,22-25,Male,2027-09-21
B05449,C001,18-21,Male,2027-09-22
B05450,C006,10-13,Male,2027-09-23
B05451,C006,14-17,Female,2027-09-24
B05452,C002,18-21,Female,2027-09-25
B05453,C002,10-13,Male,2027-09-26
B05454,C009,10-13,Female,2027-09-27
B05455,C010,22-25,Female,2027-09-28
B05456,C004,22-25,Male,2027-09-29
B05457,C001,18-21,Female,2027-09-30
B05458,C002,18-21,Female,2027-10-01
B05459,C006,10-13,Female,2027-10-02
B05460,C008,18-21,Female,2027-10-03
B05461,C002,18-21,Female,2027-10-04
B05462,C004,10-13,Male,2027-10-05
B05463,C010,18-21,Male,2027-10-06
B05464,C009,22-25,Male,2027-10-07
B05465,C006,14-17,Male,2027-10-08
B05466,C009,10-13,Male,2027-10-09
B05467,C003,14-17,Male,2027-10-10
B05468,C003,22-25,Female,2027-10-11
B05469,C006,14-17,Male,2027-10-12
B05470,C010,22-25,Female,2027-10-13
B05471,C004,14-17,Male,2027-10-14
B05472,C003,14-17,Male,2027-10-15
B05473,C003,22-25,Female,2027-10-16
B05474,C001,14-17,Female,2027-10-17
B05475,C009,10-13,Female,2027-10-18
B05476,C005,10-13,Female,2027-10-19
B05477,C001,14-17,Female,2027-10-20
B05478,C006,18-21,Female,2027-10-21
B05479,C009,18-21,Male,2027-10-22
B05480,C007,18-21,Male,2027-10-23
B05481,C007,10-13,Male,2027-10-24
B05482,C003,10-13,Female,2027-10-25
B05483,C001,14-17,Female,2027-10-26
B05484,C003,10-13,Female,2027-10-27
B05485,C007,10-13,Male,2027-10-28
B05486,C007,10-13,Female,2027-10-29
B05487,C002,18-21,Male,2027-10-30
B05488,C002,22-25,Female,2027-10-31
B05489,C005,18-21,Female,2027-11-01
B05490,C010,22-25,Male,2027-11-02
B05491,C008,10-13,Female,2027-11-03
B05492,C007,18-21,Other,2027-11-04
B05493,C006,22-25,Male,2027-11-05
B05494,C008,22-25,Female,2027-11-06
B05495,C005,14-17,Female,2027-11-07
B05496,C002,22-25,Male,2027-11-08
B05497,C003,14-17,Male,2027-11-09
B05498,C006,18-21,Female,2027-11-10
B05499,C004,22-25,Male,2027-11-11
B05500,C004,22-25,Male,2027-11-12
