program_id,centre_id,program_name,start_date,end_date
P0001,C001,STEM Workshop,2025-05-22,2026-02-18
P0002,C001,Computer Training,2025-07-16,2026-03-24
P0003,C001,Digital Learning,2025-04-21,2026-01-28
P0004,C001,Career Readiness,2025-06-22,2026-03-03
P0005,C001,Life Skills,2025-06-27,2026-04-19
P0006,C001,English Communication,2025-07-13,2026-05-19
P0007,C001,Career Counselling,2025-05-23,2025-11-20
P0008,C002,Digital Learning,2025-04-30,2025-12-03
P0009,C002,Education Support,2025-06-03,2025-12-20
P0010,C002,English Communication,2025-06-15,2026-02-07
P0011,C002,Education Support,2025-07-17,2026-04-11
P0012,C002,STEM Workshop,2025-06-30,2026-02-23
P0013,C002,English Communication,2025-05-12,2025-11-22
P0014,C002,Life Skills,2025-06-01,2026-01-17
P0015,C002,Education Support,2025-05-25,2026-01-23
P0016,C003,STEM Workshop,2025-07-10,2026-02-25
P0017,C003,STEM Workshop,2025-04-21,2025-12-29
P0018,C003,Education Support,2025-04-18,2026-02-23
P0019,C003,Digital Learning,2025-05-30,2025-12-09
P0020,C003,Computer Training,2025-04-09,2026-01-03
P0021,C003,Life Skills,2025-04-02,2025-12-21
P0022,C003,STEM Workshop,2025-07-20,2026-01-23
P0023,C004,Life Skills,2025-06-17,2026-03-04
P0024,C004,Life Skills,2025-05-20,2026-02-27
P0025,C004,English Communication,2025-04-02,2026-02-09
P0026,C004,English Communication,2025-07-15,2026-01-14
P0027,C004,Digital Learning,2025-07-02,2026-05-23
P0028,C004,STEM Workshop,2025-05-14,2025-11-23
P0029,C004,Career Counselling,2025-05-18,2025-11-28
P0030,C005,Computer Training,2025-06-26,2026-01-31
P0031,C005,STEM Workshop,2025-06-19,2026-03-07
P0032,C005,Digital Learning,2025-05-23,2025-12-12
P0033,C005,Computer Training,2025-06-28,2026-04-27
P0034,C005,Computer Training,2025-05-11,2025-11-21
P0035,C005,STEM Workshop,2025-06-04,2026-02-27
P0036,C006,Life Skills,2025-06-27,2026-05-01
P0037,C006,Career Readiness,2025-04-08,2025-12-06
P0038,C006,Career Counselling,2025-07-24,2026-04-10
P0039,C006,Career Readiness,2025-05-05,2025-12-03
P0040,C006,Life Skills,2025-04-05,2025-11-11
P0041,C007,Life Skills,2025-06-12,2026-02-18
P0042,C007,Career Counselling,2025-05-04,2025-12-02
P0043,C007,Career Counselling,2025-07-28,2026-03-26
P0044,C007,Life Skills,2025-05-07,2026-02-09
P0045,C007,Education Support,2025-07-13,2026-02-12
P0046,C007,STEM Workshop,2025-07-08,2026-04-14
P0047,C007,Education Support,2025-06-17,2026-04-23
P0048,C008,STEM Workshop,2025-06-29,2026-05-16
P0049,C008,STEM Workshop,2025-04-27,2026-03-09
P0050,C008,Digital Learning,2025-04-15,2026-01-09
P0051,C008,Career Counselling,2025-06-16,2026-02-13
P0052,C008,Computer Training,2025-07-12,2026-02-28
P0053,C009,Career Readiness,2025-04-04,2026-02-20
P0054,C009,Computer Training,2025-04-29,2025-11-30
P0055,C009,Career Readiness,2025-05-02,2026-01-07
P0056,C009,Life Skills,2025-07-24,2026-04-15
P0057,C009,English Communication,2025-06-05,2026-01-15
P0058,C009,Life Skills,2025-05-27,2026-04-05
P0059,C009,Life Skills,2025-04-28,2026-02-09
P0060,C009,English Communication,2025-06-23,2026-01-18
P0061,C010,Education Support,2025-07-28,2026-04-25
P0062,C010,Education Support,2025-07-12,2026-05-16
P0063,C010,Life Skills,2025-04-27,2026-02-21
P0064,C010,STEM Workshop,2025-06-16,2025-12-15
P0065,C010,English Communication,2025-06-09,2026-04-21
P0066,C010,Digital Learning,2025-05-07,2025-12-23
P0067,C010,English Communication,2025-05-14,2026-01-07
